widget_type	stateless	stateful	source	zero_size	minimal	clipped	resize	state_transition	snapshot	toolkit	semantics	keyboard	pointer
Wicked.AnsiView	true	true	src/MediaWidgets.jl	test/new_widget_families.jl:media toolkit semantics	test/new_widget_families.jl:media toolkit semantics	test/new_widget_families.jl:media toolkit semantics	test/new_widget_families.jl:media toolkit semantics	test/new_widget_families.jl:media toolkit semantics	test/new_widget_families.jl:media toolkit semantics	test/new_widget_families.jl:media toolkit semantics	test/new_widget_families.jl:media toolkit semantics	test/new_widget_families.jl:media toolkit semantics	n/a:no pointer handler
Wicked.BrailleImage	true	false	src/MediaWidgets.jl	test/new_widget_families.jl:media toolkit semantics	test/new_widget_families.jl:media toolkit semantics	test/new_widget_families.jl:media toolkit semantics	test/new_widget_families.jl:media toolkit semantics	n/a:stateless render contract	test/new_widget_families.jl:media toolkit semantics	test/new_widget_families.jl:media toolkit semantics	test/new_widget_families.jl:media toolkit semantics	n/a:stateless render-only contract	n/a:stateless render-only contract
Wicked.Breadcrumb	true	true	src/DataWidgets.jl	test/new_widget_families.jl:data navigation toolkit semantics	test/new_widget_families.jl:data navigation toolkit semantics	test/new_widget_families.jl:data navigation toolkit semantics	test/new_widget_families.jl:data navigation toolkit semantics	test/new_widget_families.jl:data navigation toolkit semantics	test/new_widget_families.jl:data navigation toolkit semantics	test/new_widget_families.jl:data navigation toolkit semantics	test/new_widget_families.jl:data navigation toolkit semantics	test/new_widget_families.jl:data navigation toolkit semantics	test/new_widget_families.jl:data navigation toolkit semantics
Wicked.Card	true	false	src/AcceptanceWidgets.jl	test/new_widget_families.jl:composition widget toolkit semantics	test/new_widget_families.jl:composition widget toolkit semantics	test/new_widget_families.jl:composition widget toolkit semantics	test/new_widget_families.jl:composition widget toolkit semantics	n/a:stateless render contract	test/new_widget_families.jl:composition widget toolkit semantics	test/new_widget_families.jl:composition widget toolkit semantics	test/new_widget_families.jl:composition widget toolkit semantics	n/a:stateless render-only contract	n/a:stateless render-only contract
Wicked.CodeEditor	true	true	src/EditingWidgets.jl	test/new_widget_families.jl:data, editing, and timeline toolkit semantics	test/new_widget_families.jl:data, editing, and timeline toolkit semantics	test/new_widget_families.jl:data, editing, and timeline toolkit semantics	test/new_widget_families.jl:data, editing, and timeline toolkit semantics	test/new_widget_families.jl:data, editing, and timeline toolkit semantics	test/new_widget_families.jl:data, editing, and timeline toolkit semantics	test/new_widget_families.jl:data, editing, and timeline toolkit semantics	test/new_widget_families.jl:data, editing, and timeline toolkit semantics	test/new_widget_families.jl:data, editing, and timeline toolkit semantics	test/new_widget_families.jl:data, editing, and timeline toolkit semantics
Wicked.CodeView	true	true	src/AcceptanceWidgets.jl	test/new_widget_families.jl:code and diff view toolkit semantics	test/new_widget_families.jl:code and diff view toolkit semantics	test/new_widget_families.jl:code and diff view toolkit semantics	test/new_widget_families.jl:code and diff view toolkit semantics	test/new_widget_families.jl:code and diff view toolkit semantics	test/new_widget_families.jl:code and diff view toolkit semantics	test/new_widget_families.jl:code and diff view toolkit semantics	test/new_widget_families.jl:code and diff view toolkit semantics	test/new_widget_families.jl:code and diff view toolkit semantics	test/new_widget_families.jl:code and diff view toolkit semantics
Wicked.ColorPicker	true	true	src/MediaWidgets.jl	test/new_widget_families.jl:media toolkit semantics	test/new_widget_families.jl:media toolkit semantics	test/new_widget_families.jl:media toolkit semantics	test/new_widget_families.jl:media toolkit semantics	test/new_widget_families.jl:media toolkit semantics	test/new_widget_families.jl:media toolkit semantics	test/new_widget_families.jl:media toolkit semantics	test/new_widget_families.jl:media toolkit semantics	test/new_widget_families.jl:media toolkit semantics	n/a:no pointer handler
Wicked.ContextMenu	false	true	src/AcceptanceWidgets.jl	test/new_widget_families.jl:menu action toolkit semantics	test/new_widget_families.jl:menu action toolkit semantics	test/new_widget_families.jl:menu action toolkit semantics	test/new_widget_families.jl:menu action toolkit semantics	test/new_widget_families.jl:menu action toolkit semantics	test/new_widget_families.jl:menu action toolkit semantics	test/new_widget_families.jl:menu action toolkit semantics	test/new_widget_families.jl:menu action toolkit semantics	test/new_widget_families.jl:menu action toolkit semantics	test/new_widget_families.jl:menu action toolkit semantics
Wicked.DataGrid	true	true	src/DataWidgets.jl	test/new_widget_families.jl:data, editing, and timeline toolkit semantics	test/new_widget_families.jl:data, editing, and timeline toolkit semantics	test/new_widget_families.jl:data, editing, and timeline toolkit semantics	test/new_widget_families.jl:data, editing, and timeline toolkit semantics	test/new_widget_families.jl:data, editing, and timeline toolkit semantics	test/new_widget_families.jl:data, editing, and timeline toolkit semantics	test/new_widget_families.jl:data, editing, and timeline toolkit semantics	test/new_widget_families.jl:data, editing, and timeline toolkit semantics	test/new_widget_families.jl:data, editing, and timeline toolkit semantics	test/new_widget_families.jl:data, editing, and timeline toolkit semantics
Wicked.DateInput	false	true	src/AcceptanceWidgets.jl	test/new_widget_families.jl:date and time input toolkit semantics	test/new_widget_families.jl:date and time input toolkit semantics	test/new_widget_families.jl:date and time input toolkit semantics	test/new_widget_families.jl:date and time input toolkit semantics	test/new_widget_families.jl:date and time input toolkit semantics	test/new_widget_families.jl:date and time input toolkit semantics	test/new_widget_families.jl:date and time input toolkit semantics	test/new_widget_families.jl:date and time input toolkit semantics	test/new_widget_families.jl:date and time input toolkit semantics	test/new_widget_families.jl:date and time input toolkit semantics
Wicked.DateTimeInput	false	true	src/AcceptanceWidgets.jl	test/new_widget_families.jl:date and time input toolkit semantics	test/new_widget_families.jl:date and time input toolkit semantics	test/new_widget_families.jl:date and time input toolkit semantics	test/new_widget_families.jl:date and time input toolkit semantics	test/new_widget_families.jl:date and time input toolkit semantics	test/new_widget_families.jl:date and time input toolkit semantics	test/new_widget_families.jl:date and time input toolkit semantics	test/new_widget_families.jl:date and time input toolkit semantics	test/new_widget_families.jl:date and time input toolkit semantics	test/new_widget_families.jl:date and time input toolkit semantics
Wicked.DescriptionList	true	true	src/DataWidgets.jl	test/new_widget_families.jl:data navigation toolkit semantics	test/new_widget_families.jl:data navigation toolkit semantics	test/new_widget_families.jl:data navigation toolkit semantics	test/new_widget_families.jl:data navigation toolkit semantics	test/new_widget_families.jl:data navigation toolkit semantics	test/new_widget_families.jl:data navigation toolkit semantics	test/new_widget_families.jl:data navigation toolkit semantics	test/new_widget_families.jl:data navigation toolkit semantics	test/new_widget_families.jl:data navigation toolkit semantics	test/new_widget_families.jl:data navigation toolkit semantics
Wicked.DevConsole	true	true	src/ShellWidgets.jl	test/new_widget_families.jl:application shell toolkit semantics	test/new_widget_families.jl:application shell toolkit semantics	test/new_widget_families.jl:application shell toolkit semantics	test/new_widget_families.jl:application shell toolkit semantics	test/new_widget_families.jl:application shell toolkit semantics	test/new_widget_families.jl:application shell toolkit semantics	test/new_widget_families.jl:application shell toolkit semantics	test/new_widget_families.jl:application shell toolkit semantics	test/new_widget_families.jl:application shell toolkit semantics	n/a:no pointer handler
Wicked.Dialog	true	true	src/AcceptanceWidgets.jl	test/new_widget_families.jl:dialog toolkit semantics	test/new_widget_families.jl:dialog toolkit semantics	test/new_widget_families.jl:dialog toolkit semantics	test/new_widget_families.jl:dialog toolkit semantics	test/new_widget_families.jl:dialog toolkit semantics	test/new_widget_families.jl:dialog toolkit semantics	test/new_widget_families.jl:dialog toolkit semantics	test/new_widget_families.jl:dialog toolkit semantics	test/new_widget_families.jl:dialog toolkit semantics	test/new_widget_families.jl:dialog toolkit semantics
Wicked.DiffView	true	true	src/AcceptanceWidgets.jl	test/new_widget_families.jl:code and diff view toolkit semantics	test/new_widget_families.jl:code and diff view toolkit semantics	test/new_widget_families.jl:code and diff view toolkit semantics	test/new_widget_families.jl:code and diff view toolkit semantics	test/new_widget_families.jl:code and diff view toolkit semantics	test/new_widget_families.jl:code and diff view toolkit semantics	test/new_widget_families.jl:code and diff view toolkit semantics	test/new_widget_families.jl:code and diff view toolkit semantics	test/new_widget_families.jl:code and diff view toolkit semantics	test/new_widget_families.jl:code and diff view toolkit semantics
Wicked.Digits	true	false	src/UtilityWidgets.jl	test/widget_contracts.jl:Immediate widget dimension contracts	test/widget_contracts.jl:Immediate widget dimension contracts	test/widget_contracts.jl:Immediate widget dimension contracts	test/widget_contracts.jl:Immediate widget dimension contracts	n/a:stateless render contract	test/widget_contracts.jl:Immediate widget dimension contracts	test/acceptance_widgets.jl:developer and empty-state toolkit semantics	test/acceptance_widgets.jl:developer and empty-state toolkit semantics	n/a:stateless render-only contract	n/a:stateless render-only contract
Wicked.DockLayout	true	false	src/AcceptanceWidgets.jl	test/new_widget_families.jl:dock layout toolkit semantics	test/new_widget_families.jl:dock layout toolkit semantics	test/new_widget_families.jl:dock layout toolkit semantics	test/new_widget_families.jl:dock layout toolkit semantics	n/a:stateless render contract	test/new_widget_families.jl:dock layout toolkit semantics	test/new_widget_families.jl:dock layout toolkit semantics	test/new_widget_families.jl:dock layout toolkit semantics	n/a:stateless render-only contract	n/a:stateless render-only contract
Wicked.Drawer	true	true	src/ShellWidgets.jl	test/new_widget_families.jl:application shell toolkit semantics	test/new_widget_families.jl:application shell toolkit semantics	test/new_widget_families.jl:application shell toolkit semantics	test/new_widget_families.jl:application shell toolkit semantics	test/new_widget_families.jl:application shell toolkit semantics	test/new_widget_families.jl:application shell toolkit semantics	test/new_widget_families.jl:application shell toolkit semantics	test/new_widget_families.jl:application shell toolkit semantics	test/new_widget_families.jl:application shell toolkit semantics	test/new_widget_families.jl:application shell toolkit semantics
Wicked.ErrorView	true	false	src/AcceptanceWidgets.jl	test/widget_contracts.jl:Immediate widget dimension contracts	test/widget_contracts.jl:Immediate widget dimension contracts	test/widget_contracts.jl:Immediate widget dimension contracts	test/widget_contracts.jl:Immediate widget dimension contracts	n/a:stateless render contract	test/widget_contracts.jl:Immediate widget dimension contracts	test/acceptance_widgets.jl:error view and clipping	test/acceptance_widgets.jl:error view and clipping	n/a:stateless render-only contract	n/a:stateless render-only contract
Wicked.FilePicker	false	true	src/AcceptanceWidgets.jl	test/new_widget_families.jl:file picker toolkit semantics	test/new_widget_families.jl:file picker toolkit semantics	test/new_widget_families.jl:file picker toolkit semantics	test/new_widget_families.jl:file picker toolkit semantics	test/new_widget_families.jl:file picker toolkit semantics	test/new_widget_families.jl:file picker toolkit semantics	test/new_widget_families.jl:file picker toolkit semantics	test/new_widget_families.jl:file picker toolkit semantics	test/new_widget_families.jl:file picker toolkit semantics	test/new_widget_families.jl:file picker toolkit semantics
Wicked.Flow	true	false	src/AcceptanceWidgets.jl	test/new_widget_families.jl:composition widget toolkit semantics	test/new_widget_families.jl:composition widget toolkit semantics	test/new_widget_families.jl:composition widget toolkit semantics	test/new_widget_families.jl:composition widget toolkit semantics	n/a:stateless render contract	test/new_widget_families.jl:composition widget toolkit semantics	test/new_widget_families.jl:composition widget toolkit semantics	test/new_widget_families.jl:composition widget toolkit semantics	n/a:stateless render-only contract	n/a:stateless render-only contract
Wicked.Forms.ValidationMessage	true	false	src/Forms.jl	test/widget_contracts.jl:Immediate widget dimension contracts	test/widget_contracts.jl:Immediate widget dimension contracts	test/widget_contracts.jl:Immediate widget dimension contracts	test/widget_contracts.jl:Immediate widget dimension contracts	n/a:stateless render contract	test/widget_contracts.jl:Immediate widget dimension contracts	test/acceptance_widgets.jl:validation feedback semantics	test/acceptance_widgets.jl:validation feedback semantics	n/a:stateless render-only contract	n/a:stateless render-only contract
Wicked.Forms.ValidationSummary	true	false	src/Forms.jl	test/widget_contracts.jl:Immediate widget dimension contracts	test/widget_contracts.jl:Immediate widget dimension contracts	test/widget_contracts.jl:Immediate widget dimension contracts	test/widget_contracts.jl:Immediate widget dimension contracts	n/a:stateless render contract	test/widget_contracts.jl:Immediate widget dimension contracts	test/acceptance_widgets.jl:validation feedback semantics	test/acceptance_widgets.jl:validation feedback semantics	n/a:stateless render-only contract	n/a:stateless render-only contract
Wicked.Group	true	false	src/AcceptanceWidgets.jl	test/new_widget_families.jl:composition widget toolkit semantics	test/new_widget_families.jl:composition widget toolkit semantics	test/new_widget_families.jl:composition widget toolkit semantics	test/new_widget_families.jl:composition widget toolkit semantics	n/a:stateless render contract	test/new_widget_families.jl:composition widget toolkit semantics	test/new_widget_families.jl:composition widget toolkit semantics	test/new_widget_families.jl:composition widget toolkit semantics	n/a:stateless render-only contract	n/a:stateless render-only contract
Wicked.Hyperlink	true	true	src/MediaWidgets.jl	test/new_widget_families.jl:media toolkit semantics	test/new_widget_families.jl:media toolkit semantics	test/new_widget_families.jl:media toolkit semantics	test/new_widget_families.jl:media toolkit semantics	test/new_widget_families.jl:media toolkit semantics	test/new_widget_families.jl:media toolkit semantics	test/new_widget_families.jl:media toolkit semantics	test/new_widget_families.jl:media toolkit semantics	test/new_widget_families.jl:media toolkit semantics	test/new_widget_families.jl:media toolkit semantics
Wicked.ImageView	true	false	src/MediaWidgets.jl	test/new_widget_families.jl:media toolkit semantics	test/new_widget_families.jl:media toolkit semantics	test/new_widget_families.jl:media toolkit semantics	test/new_widget_families.jl:media toolkit semantics	n/a:stateless render contract	test/new_widget_families.jl:media toolkit semantics	test/new_widget_families.jl:media toolkit semantics	test/new_widget_families.jl:media toolkit semantics	n/a:stateless render-only contract	n/a:stateless render-only contract
Wicked.Inspector	true	true	src/ShellWidgets.jl	test/new_widget_families.jl:application shell toolkit semantics	test/new_widget_families.jl:application shell toolkit semantics	test/new_widget_families.jl:application shell toolkit semantics	test/new_widget_families.jl:application shell toolkit semantics	test/new_widget_families.jl:application shell toolkit semantics	test/new_widget_families.jl:application shell toolkit semantics	test/new_widget_families.jl:application shell toolkit semantics	test/new_widget_families.jl:application shell toolkit semantics	test/new_widget_families.jl:application shell toolkit semantics	n/a:no pointer handler
Wicked.Layer	true	false	src/AcceptanceWidgets.jl	test/new_widget_families.jl:composition widget toolkit semantics	test/new_widget_families.jl:composition widget toolkit semantics	test/new_widget_families.jl:composition widget toolkit semantics	test/new_widget_families.jl:composition widget toolkit semantics	n/a:stateless render contract	test/new_widget_families.jl:composition widget toolkit semantics	test/new_widget_families.jl:composition widget toolkit semantics	test/new_widget_families.jl:composition widget toolkit semantics	n/a:stateless render-only contract	n/a:stateless render-only contract
Wicked.Link	true	true	src/AcceptanceWidgets.jl	test/widget_interactions_extended.jl:link rendering, clipping, and toolkit state	test/widget_interactions_extended.jl:link rendering, clipping, and toolkit state	test/widget_interactions_extended.jl:link rendering, clipping, and toolkit state	test/widget_interactions_extended.jl:link rendering, clipping, and toolkit state	test/widget_interactions_extended.jl:link keyboard and pointer activation	test/widget_interactions_extended.jl:link rendering, clipping, and toolkit state	test/widget_interactions_extended.jl:link rendering, clipping, and toolkit state	test/widget_interactions_extended.jl:link keyboard and pointer activation	test/widget_interactions_extended.jl:link keyboard and pointer activation	test/widget_interactions_extended.jl:link keyboard and pointer activation
Wicked.LiveDisplay	true	true	src/StreamingWidgets.jl	test/new_widget_families.jl:streaming toolkit semantics	test/new_widget_families.jl:streaming toolkit semantics	test/new_widget_families.jl:streaming toolkit semantics	test/new_widget_families.jl:streaming toolkit semantics	test/new_widget_families.jl:streaming toolkit semantics	test/new_widget_families.jl:streaming toolkit semantics	test/new_widget_families.jl:streaming toolkit semantics	test/new_widget_families.jl:streaming toolkit semantics	test/new_widget_families.jl:streaming toolkit semantics	n/a:no pointer handler
Wicked.LogTail	true	true	src/StreamingWidgets.jl	test/new_widget_families.jl:streaming toolkit semantics	test/new_widget_families.jl:streaming toolkit semantics	test/new_widget_families.jl:streaming toolkit semantics	test/new_widget_families.jl:streaming toolkit semantics	test/new_widget_families.jl:streaming toolkit semantics	test/new_widget_families.jl:streaming toolkit semantics	test/new_widget_families.jl:streaming toolkit semantics	test/new_widget_families.jl:streaming toolkit semantics	test/new_widget_families.jl:streaming toolkit semantics	n/a:no pointer handler
Wicked.ManagedNotificationView	true	false	src/ManagedNotifications.jl	test/widget_contracts.jl:Immediate widget dimension contracts	test/widget_contracts.jl:Immediate widget dimension contracts	test/widget_contracts.jl:Immediate widget dimension contracts	test/widget_contracts.jl:Immediate widget dimension contracts	n/a:stateless render contract	test/widget_contracts.jl:Immediate widget dimension contracts	test/acceptance_widgets.jl:managed notification toolkit semantics	test/acceptance_widgets.jl:managed notification toolkit semantics	n/a:stateless render-only contract	n/a:stateless render-only contract
Wicked.MaskedInput	true	true	src/EditingWidgets.jl	test/new_widget_families.jl:data, editing, and timeline toolkit semantics	test/new_widget_families.jl:data, editing, and timeline toolkit semantics	test/new_widget_families.jl:data, editing, and timeline toolkit semantics	test/new_widget_families.jl:data, editing, and timeline toolkit semantics	test/new_widget_families.jl:data, editing, and timeline toolkit semantics	test/new_widget_families.jl:data, editing, and timeline toolkit semantics	test/new_widget_families.jl:data, editing, and timeline toolkit semantics	test/new_widget_families.jl:data, editing, and timeline toolkit semantics	test/new_widget_families.jl:data, editing, and timeline toolkit semantics	test/new_widget_families.jl:data, editing, and timeline toolkit semantics
Wicked.MenuBar	true	false	src/AcceptanceWidgets.jl	test/new_widget_families.jl:composition widget toolkit semantics	test/new_widget_families.jl:composition widget toolkit semantics	test/new_widget_families.jl:composition widget toolkit semantics	test/new_widget_families.jl:composition widget toolkit semantics	n/a:stateless render contract	test/new_widget_families.jl:composition widget toolkit semantics	test/new_widget_families.jl:composition widget toolkit semantics	test/new_widget_families.jl:composition widget toolkit semantics	n/a:stateless render-only contract	n/a:stateless render-only contract
Wicked.MenuButton	false	true	src/AcceptanceWidgets.jl	test/new_widget_families.jl:menu action toolkit semantics	test/new_widget_families.jl:menu action toolkit semantics	test/new_widget_families.jl:menu action toolkit semantics	test/new_widget_families.jl:menu action toolkit semantics	test/new_widget_families.jl:menu action toolkit semantics	test/new_widget_families.jl:menu action toolkit semantics	test/new_widget_families.jl:menu action toolkit semantics	test/new_widget_families.jl:menu action toolkit semantics	test/new_widget_families.jl:menu action toolkit semantics	test/new_widget_families.jl:menu action toolkit semantics
Wicked.Meter	true	false	src/VisualizationWidgets.jl	test/new_widget_families.jl:visualization toolkit semantics	test/new_widget_families.jl:visualization toolkit semantics	test/new_widget_families.jl:visualization toolkit semantics	test/new_widget_families.jl:visualization toolkit semantics	n/a:stateless render contract	test/new_widget_families.jl:visualization toolkit semantics	test/new_widget_families.jl:visualization toolkit semantics	test/new_widget_families.jl:visualization toolkit semantics	n/a:stateless render-only contract	n/a:stateless render-only contract
Wicked.NavigationRail	false	true	src/AcceptanceWidgets.jl	test/new_widget_families.jl:navigation view toolkit semantics	test/new_widget_families.jl:navigation view toolkit semantics	test/new_widget_families.jl:navigation view toolkit semantics	test/new_widget_families.jl:navigation view toolkit semantics	test/new_widget_families.jl:navigation view toolkit semantics	test/new_widget_families.jl:navigation view toolkit semantics	test/new_widget_families.jl:navigation view toolkit semantics	test/new_widget_families.jl:navigation view toolkit semantics	test/new_widget_families.jl:navigation view toolkit semantics	test/new_widget_families.jl:navigation view toolkit semantics
Wicked.Pagination	true	true	src/DataWidgets.jl	test/new_widget_families.jl:data navigation toolkit semantics	test/new_widget_families.jl:data navigation toolkit semantics	test/new_widget_families.jl:data navigation toolkit semantics	test/new_widget_families.jl:data navigation toolkit semantics	test/new_widget_families.jl:data navigation toolkit semantics	test/new_widget_families.jl:data navigation toolkit semantics	test/new_widget_families.jl:data navigation toolkit semantics	test/new_widget_families.jl:data navigation toolkit semantics	test/new_widget_families.jl:data navigation toolkit semantics	test/new_widget_families.jl:data navigation toolkit semantics
Wicked.Placeholder	true	false	src/UtilityWidgets.jl	test/widget_contracts.jl:Immediate widget dimension contracts	test/widget_contracts.jl:Immediate widget dimension contracts	test/widget_contracts.jl:Immediate widget dimension contracts	test/widget_contracts.jl:Immediate widget dimension contracts	n/a:stateless render contract	test/widget_contracts.jl:Immediate widget dimension contracts	test/acceptance_widgets.jl:developer and empty-state toolkit semantics	test/acceptance_widgets.jl:developer and empty-state toolkit semantics	n/a:stateless render-only contract	n/a:stateless render-only contract
Wicked.Plot	true	false	src/VisualizationWidgets.jl	test/new_widget_families.jl:visualization toolkit semantics	test/new_widget_families.jl:visualization toolkit semantics	test/new_widget_families.jl:visualization toolkit semantics	test/new_widget_families.jl:visualization toolkit semantics	n/a:stateless render contract	test/new_widget_families.jl:visualization toolkit semantics	test/new_widget_families.jl:visualization toolkit semantics	test/new_widget_families.jl:visualization toolkit semantics	n/a:stateless render-only contract	n/a:stateless render-only contract
Wicked.Popover	true	true	src/ShellWidgets.jl	test/new_widget_families.jl:application shell toolkit semantics	test/new_widget_families.jl:application shell toolkit semantics	test/new_widget_families.jl:application shell toolkit semantics	test/new_widget_families.jl:application shell toolkit semantics	test/new_widget_families.jl:application shell toolkit semantics	test/new_widget_families.jl:application shell toolkit semantics	test/new_widget_families.jl:application shell toolkit semantics	test/new_widget_families.jl:application shell toolkit semantics	test/new_widget_families.jl:application shell toolkit semantics	test/new_widget_families.jl:application shell toolkit semantics
Wicked.Pretty	true	false	src/UtilityWidgets.jl	test/widget_contracts.jl:Immediate widget dimension contracts	test/widget_contracts.jl:Immediate widget dimension contracts	test/widget_contracts.jl:Immediate widget dimension contracts	test/widget_contracts.jl:Immediate widget dimension contracts	n/a:stateless render contract	test/widget_contracts.jl:Immediate widget dimension contracts	test/acceptance_widgets.jl:developer and empty-state toolkit semantics	test/acceptance_widgets.jl:developer and empty-state toolkit semantics	n/a:stateless render-only contract	n/a:stateless render-only contract
Wicked.ProcessView	true	true	src/StreamingWidgets.jl	test/new_widget_families.jl:streaming toolkit semantics	test/new_widget_families.jl:streaming toolkit semantics	test/new_widget_families.jl:streaming toolkit semantics	test/new_widget_families.jl:streaming toolkit semantics	test/new_widget_families.jl:streaming toolkit semantics	test/new_widget_families.jl:streaming toolkit semantics	test/new_widget_families.jl:streaming toolkit semantics	test/new_widget_families.jl:streaming toolkit semantics	test/new_widget_families.jl:streaming toolkit semantics	n/a:no pointer handler
Wicked.ProgressBar	true	true	src/Progress.jl	test/new_widget_families.jl:progress bar toolkit semantics	test/new_widget_families.jl:progress bar toolkit semantics	test/new_widget_families.jl:progress bar toolkit semantics	test/new_widget_families.jl:progress bar toolkit semantics	test/new_widget_families.jl:progress bar toolkit semantics	test/new_widget_families.jl:progress bar toolkit semantics	test/new_widget_families.jl:progress bar toolkit semantics	test/new_widget_families.jl:progress bar toolkit semantics	n/a:tick-driven progress state	n/a:tick-driven progress state
Wicked.ProgressGroup	true	true	src/StreamingWidgets.jl	test/new_widget_families.jl:streaming toolkit semantics	test/new_widget_families.jl:streaming toolkit semantics	test/new_widget_families.jl:streaming toolkit semantics	test/new_widget_families.jl:streaming toolkit semantics	test/new_widget_families.jl:streaming toolkit semantics	test/new_widget_families.jl:streaming toolkit semantics	test/new_widget_families.jl:streaming toolkit semantics	test/new_widget_families.jl:streaming toolkit semantics	test/new_widget_families.jl:streaming toolkit semantics	n/a:no pointer handler
Wicked.PropertyList	true	true	src/DataWidgets.jl	test/new_widget_families.jl:data navigation toolkit semantics	test/new_widget_families.jl:data navigation toolkit semantics	test/new_widget_families.jl:data navigation toolkit semantics	test/new_widget_families.jl:data navigation toolkit semantics	test/new_widget_families.jl:data navigation toolkit semantics	test/new_widget_families.jl:data navigation toolkit semantics	test/new_widget_families.jl:data navigation toolkit semantics	test/new_widget_families.jl:data navigation toolkit semantics	test/new_widget_families.jl:data navigation toolkit semantics	test/new_widget_families.jl:data navigation toolkit semantics
Wicked.ReplView	true	true	src/StreamingWidgets.jl	test/new_widget_families.jl:streaming toolkit semantics	test/new_widget_families.jl:streaming toolkit semantics	test/new_widget_families.jl:streaming toolkit semantics	test/new_widget_families.jl:streaming toolkit semantics	test/new_widget_families.jl:streaming toolkit semantics	test/new_widget_families.jl:streaming toolkit semantics	test/new_widget_families.jl:streaming toolkit semantics	test/new_widget_families.jl:streaming toolkit semantics	test/new_widget_families.jl:streaming toolkit semantics	n/a:no pointer handler
Wicked.ResizablePane	false	true	src/AcceptanceWidgets.jl	test/new_widget_families.jl:resizable pane toolkit semantics	test/new_widget_families.jl:resizable pane toolkit semantics	test/new_widget_families.jl:resizable pane toolkit semantics	test/new_widget_families.jl:resizable pane toolkit semantics	test/new_widget_families.jl:resizable pane toolkit semantics	test/new_widget_families.jl:resizable pane toolkit semantics	test/new_widget_families.jl:resizable pane toolkit semantics	test/new_widget_families.jl:resizable pane toolkit semantics	n/a:no keyboard handler	test/new_widget_families.jl:resizable pane toolkit semantics
Wicked.RichWidgets.MarkdownView	true	true	src/AcceptanceWidgets.jl	test/widget_interactions_extended.jl:Markdown view complete contract	test/widget_interactions_extended.jl:Markdown view complete contract	test/widget_interactions_extended.jl:Markdown view complete contract	test/widget_interactions_extended.jl:Markdown view complete contract	test/widget_interactions_extended.jl:Markdown view complete contract	test/widget_interactions_extended.jl:Markdown view complete contract	test/widget_interactions_extended.jl:Markdown view complete contract	test/widget_interactions_extended.jl:Markdown view complete contract	test/widget_interactions_extended.jl:Markdown view complete contract	test/widget_interactions_extended.jl:Markdown view complete contract
Wicked.ShortcutBar	true	false	src/AcceptanceWidgets.jl	test/new_widget_families.jl:composition widget toolkit semantics	test/new_widget_families.jl:composition widget toolkit semantics	test/new_widget_families.jl:composition widget toolkit semantics	test/new_widget_families.jl:composition widget toolkit semantics	n/a:stateless render contract	test/new_widget_families.jl:composition widget toolkit semantics	test/new_widget_families.jl:composition widget toolkit semantics	test/new_widget_families.jl:composition widget toolkit semantics	n/a:stateless render-only contract	n/a:stateless render-only contract
Wicked.Sidebar	true	false	src/AcceptanceWidgets.jl	test/new_widget_families.jl:static layout toolkit semantics	test/new_widget_families.jl:static layout toolkit semantics	test/new_widget_families.jl:static layout toolkit semantics	test/new_widget_families.jl:static layout toolkit semantics	n/a:stateless render contract	test/new_widget_families.jl:static layout toolkit semantics	test/new_widget_families.jl:static layout toolkit semantics	test/new_widget_families.jl:static layout toolkit semantics	n/a:stateless render-only contract	n/a:stateless render-only contract
Wicked.SplitButton	false	true	src/AcceptanceWidgets.jl	test/new_widget_families.jl:menu action toolkit semantics	test/new_widget_families.jl:menu action toolkit semantics	test/new_widget_families.jl:menu action toolkit semantics	test/new_widget_families.jl:menu action toolkit semantics	test/new_widget_families.jl:menu action toolkit semantics	test/new_widget_families.jl:menu action toolkit semantics	test/new_widget_families.jl:menu action toolkit semantics	test/new_widget_families.jl:menu action toolkit semantics	test/new_widget_families.jl:menu action toolkit semantics	test/new_widget_families.jl:menu action toolkit semantics
Wicked.SplitPane	true	false	src/AcceptanceWidgets.jl	test/new_widget_families.jl:static layout toolkit semantics	test/new_widget_families.jl:static layout toolkit semantics	test/new_widget_families.jl:static layout toolkit semantics	test/new_widget_families.jl:static layout toolkit semantics	n/a:stateless render contract	test/new_widget_families.jl:static layout toolkit semantics	test/new_widget_families.jl:static layout toolkit semantics	test/new_widget_families.jl:static layout toolkit semantics	n/a:stateless render-only contract	n/a:stateless render-only contract
Wicked.Status	true	false	src/AcceptanceWidgets.jl	test/new_widget_families.jl:composition widget toolkit semantics	test/new_widget_families.jl:composition widget toolkit semantics	test/new_widget_families.jl:composition widget toolkit semantics	test/new_widget_families.jl:composition widget toolkit semantics	n/a:stateless render contract	test/new_widget_families.jl:composition widget toolkit semantics	test/new_widget_families.jl:composition widget toolkit semantics	test/new_widget_families.jl:composition widget toolkit semantics	n/a:stateless render-only contract	n/a:stateless render-only contract
Wicked.Stepper	false	true	src/UtilityWidgets.jl	test/new_widget_families.jl:stepper toolkit semantics	test/new_widget_families.jl:stepper toolkit semantics	test/new_widget_families.jl:stepper toolkit semantics	test/new_widget_families.jl:stepper toolkit semantics	test/new_widget_families.jl:stepper toolkit semantics	test/new_widget_families.jl:stepper toolkit semantics	test/new_widget_families.jl:stepper toolkit semantics	test/new_widget_families.jl:stepper toolkit semantics	test/new_widget_families.jl:stepper toolkit semantics	test/new_widget_families.jl:stepper toolkit semantics
Wicked.SyntaxView	true	true	src/MediaWidgets.jl	test/new_widget_families.jl:media toolkit semantics	test/new_widget_families.jl:media toolkit semantics	test/new_widget_families.jl:media toolkit semantics	test/new_widget_families.jl:media toolkit semantics	test/new_widget_families.jl:media toolkit semantics	test/new_widget_families.jl:media toolkit semantics	test/new_widget_families.jl:media toolkit semantics	test/new_widget_families.jl:media toolkit semantics	test/new_widget_families.jl:media toolkit semantics	test/new_widget_families.jl:media toolkit semantics
Wicked.TabView	true	true	src/AcceptanceWidgets.jl	test/new_widget_families.jl:navigation view toolkit semantics	test/new_widget_families.jl:navigation view toolkit semantics	test/new_widget_families.jl:navigation view toolkit semantics	test/new_widget_families.jl:navigation view toolkit semantics	test/new_widget_families.jl:navigation view toolkit semantics	test/new_widget_families.jl:navigation view toolkit semantics	test/new_widget_families.jl:navigation view toolkit semantics	test/new_widget_families.jl:navigation view toolkit semantics	test/new_widget_families.jl:navigation view toolkit semantics	test/new_widget_families.jl:navigation view toolkit semantics
Wicked.TabbedContentView	false	true	src/ContentContainerRendering.jl	test/widget_contracts.jl:Immediate widget dimension contracts	test/widget_contracts.jl:Immediate widget dimension contracts	test/widget_contracts.jl:Immediate widget dimension contracts	test/widget_contracts.jl:Immediate widget dimension contracts	test/widget_interactions_extended.jl:tabbed content keyboard and pointer selection	test/widget_contracts.jl:Immediate widget dimension contracts	test/widget_interactions_extended.jl:Tabbed content semantic integration	test/widget_interactions_extended.jl:Tabbed content semantic integration	test/widget_interactions_extended.jl:tabbed content keyboard and pointer selection	test/widget_interactions_extended.jl:tabbed content keyboard and pointer selection
Wicked.TaskMonitor	true	true	src/StreamingWidgets.jl	test/new_widget_families.jl:streaming toolkit semantics	test/new_widget_families.jl:streaming toolkit semantics	test/new_widget_families.jl:streaming toolkit semantics	test/new_widget_families.jl:streaming toolkit semantics	test/new_widget_families.jl:streaming toolkit semantics	test/new_widget_families.jl:streaming toolkit semantics	test/new_widget_families.jl:streaming toolkit semantics	test/new_widget_families.jl:streaming toolkit semantics	test/new_widget_families.jl:streaming toolkit semantics	n/a:no pointer handler
Wicked.TerminalView	true	true	src/StreamingWidgets.jl	test/new_widget_families.jl:streaming toolkit semantics	test/new_widget_families.jl:streaming toolkit semantics	test/new_widget_families.jl:streaming toolkit semantics	test/new_widget_families.jl:streaming toolkit semantics	test/new_widget_families.jl:streaming toolkit semantics	test/new_widget_families.jl:streaming toolkit semantics	test/new_widget_families.jl:streaming toolkit semantics	test/new_widget_families.jl:streaming toolkit semantics	test/new_widget_families.jl:streaming toolkit semantics	n/a:no pointer handler
Wicked.ThemePreview	true	true	src/MediaWidgets.jl	test/new_widget_families.jl:media toolkit semantics	test/new_widget_families.jl:media toolkit semantics	test/new_widget_families.jl:media toolkit semantics	test/new_widget_families.jl:media toolkit semantics	test/new_widget_families.jl:media toolkit semantics	test/new_widget_families.jl:media toolkit semantics	test/new_widget_families.jl:media toolkit semantics	test/new_widget_families.jl:media toolkit semantics	test/new_widget_families.jl:media toolkit semantics	n/a:no pointer handler
Wicked.TimeInput	false	true	src/AcceptanceWidgets.jl	test/new_widget_families.jl:date and time input toolkit semantics	test/new_widget_families.jl:date and time input toolkit semantics	test/new_widget_families.jl:date and time input toolkit semantics	test/new_widget_families.jl:date and time input toolkit semantics	test/new_widget_families.jl:date and time input toolkit semantics	test/new_widget_families.jl:date and time input toolkit semantics	test/new_widget_families.jl:date and time input toolkit semantics	test/new_widget_families.jl:date and time input toolkit semantics	test/new_widget_families.jl:date and time input toolkit semantics	test/new_widget_families.jl:date and time input toolkit semantics
Wicked.Timeline	true	true	src/VisualizationWidgets.jl	test/new_widget_families.jl:data, editing, and timeline toolkit semantics	test/new_widget_families.jl:data, editing, and timeline toolkit semantics	test/new_widget_families.jl:data, editing, and timeline toolkit semantics	test/new_widget_families.jl:data, editing, and timeline toolkit semantics	test/new_widget_families.jl:data, editing, and timeline toolkit semantics	test/new_widget_families.jl:data, editing, and timeline toolkit semantics	test/new_widget_families.jl:data, editing, and timeline toolkit semantics	test/new_widget_families.jl:data, editing, and timeline toolkit semantics	test/new_widget_families.jl:data, editing, and timeline toolkit semantics	test/new_widget_families.jl:data, editing, and timeline toolkit semantics
Wicked.Toast	true	false	src/AcceptanceWidgets.jl	test/new_widget_families.jl:composition widget toolkit semantics	test/new_widget_families.jl:composition widget toolkit semantics	test/new_widget_families.jl:composition widget toolkit semantics	test/new_widget_families.jl:composition widget toolkit semantics	n/a:stateless render contract	test/new_widget_families.jl:composition widget toolkit semantics	test/new_widget_families.jl:composition widget toolkit semantics	test/new_widget_families.jl:composition widget toolkit semantics	n/a:stateless render-only contract	n/a:stateless render-only contract
Wicked.Toolbar	true	false	src/AcceptanceWidgets.jl	test/new_widget_families.jl:composition widget toolkit semantics	test/new_widget_families.jl:composition widget toolkit semantics	test/new_widget_families.jl:composition widget toolkit semantics	test/new_widget_families.jl:composition widget toolkit semantics	n/a:stateless render contract	test/new_widget_families.jl:composition widget toolkit semantics	test/new_widget_families.jl:composition widget toolkit semantics	test/new_widget_families.jl:composition widget toolkit semantics	n/a:stateless render-only contract	n/a:stateless render-only contract
Wicked.Toolkit.ToolkitTree	true	false	src/Toolkit.jl	test/widget_interactions_extended.jl:Toolkit tree root contract	test/widget_interactions_extended.jl:Toolkit tree root contract	test/widget_interactions_extended.jl:Toolkit tree root contract	test/widget_interactions_extended.jl:Toolkit tree root contract	test/widget_interactions_extended.jl:Toolkit tree root contract	test/widget_interactions_extended.jl:Toolkit tree root contract	test/widget_interactions_extended.jl:Toolkit tree root contract	test/widget_interactions_extended.jl:Toolkit tree root contract	test/widget_interactions_extended.jl:Toolkit tree root contract	test/widget_interactions_extended.jl:Toolkit tree root contract
Wicked.TreeTable	true	true	src/DataWidgets.jl	test/new_widget_families.jl:data, editing, and timeline toolkit semantics	test/new_widget_families.jl:data, editing, and timeline toolkit semantics	test/new_widget_families.jl:data, editing, and timeline toolkit semantics	test/new_widget_families.jl:data, editing, and timeline toolkit semantics	test/new_widget_families.jl:data, editing, and timeline toolkit semantics	test/new_widget_families.jl:data, editing, and timeline toolkit semantics	test/new_widget_families.jl:data, editing, and timeline toolkit semantics	test/new_widget_families.jl:data, editing, and timeline toolkit semantics	test/new_widget_families.jl:data, editing, and timeline toolkit semantics	test/new_widget_families.jl:data, editing, and timeline toolkit semantics
Wicked.Viewport	false	true	src/AcceptanceWidgets.jl	test/new_widget_families.jl:viewport toolkit semantics	test/new_widget_families.jl:viewport toolkit semantics	test/new_widget_families.jl:viewport toolkit semantics	test/new_widget_families.jl:viewport toolkit semantics	test/new_widget_families.jl:viewport toolkit semantics	test/new_widget_families.jl:viewport toolkit semantics	test/new_widget_families.jl:viewport toolkit semantics	test/new_widget_families.jl:viewport toolkit semantics	test/new_widget_families.jl:viewport toolkit semantics	test/new_widget_families.jl:viewport toolkit semantics
Wicked.Widgets.Alert	true	false	src/widgets/application.jl	test/widget_contracts.jl:Immediate widget dimension contracts	test/widget_contracts.jl:Immediate widget dimension contracts	test/widget_contracts.jl:Immediate widget dimension contracts	test/widget_contracts.jl:Immediate widget dimension contracts	n/a:stateless render contract	test/widget_contracts.jl:Immediate widget dimension contracts	test/acceptance_widgets.jl:application chrome toolkit semantics	test/acceptance_widgets.jl:application chrome toolkit semantics	n/a:stateless render-only contract	n/a:stateless render-only contract
Wicked.Widgets.Badge	true	false	src/widgets/application.jl	test/widget_contracts.jl:Immediate widget dimension contracts	test/widget_contracts.jl:Immediate widget dimension contracts	test/widget_contracts.jl:Immediate widget dimension contracts	test/widget_contracts.jl:Immediate widget dimension contracts	n/a:stateless render contract	test/widget_contracts.jl:Immediate widget dimension contracts	test/acceptance_widgets.jl:application chrome toolkit semantics	test/acceptance_widgets.jl:application chrome toolkit semantics	n/a:stateless render-only contract	n/a:stateless render-only contract
Wicked.Widgets.BarChart	true	false	src/widgets/visualization.jl	test/widget_contracts.jl:Immediate widget dimension contracts	test/widget_contracts.jl:Immediate widget dimension contracts	test/widget_contracts.jl:Immediate widget dimension contracts	test/widget_contracts.jl:Immediate widget dimension contracts	n/a:stateless render contract	test/widget_contracts.jl:Immediate widget dimension contracts	test/widget_interactions_extended.jl:Visualization toolkit semantic integration	test/widget_interactions_extended.jl:Visualization toolkit semantic integration	n/a:stateless render-only contract	n/a:stateless render-only contract
Wicked.Widgets.Block	true	false	src/widgets/structure.jl	test/widget_contracts.jl:Immediate widget dimension contracts	test/widget_contracts.jl:Immediate widget dimension contracts	test/widget_contracts.jl:Immediate widget dimension contracts	test/widget_contracts.jl:Immediate widget dimension contracts	n/a:stateless render contract	test/widget_contracts.jl:Immediate widget dimension contracts	test/widget_interactions_extended.jl:Structural widget toolkit semantic integration	test/widget_interactions_extended.jl:Structural widget toolkit semantic integration	n/a:stateless render-only contract	n/a:stateless render-only contract
Wicked.Widgets.Box	true	false	src/widgets/containers.jl	test/widget_contracts.jl:Immediate widget dimension contracts	test/widget_contracts.jl:Immediate widget dimension contracts	test/widget_contracts.jl:Immediate widget dimension contracts	test/widget_contracts.jl:Immediate widget dimension contracts	n/a:stateless render contract	test/widget_contracts.jl:Immediate widget dimension contracts	test/widget_interactions_extended.jl:Structural widget toolkit semantic integration	test/widget_interactions_extended.jl:Structural widget toolkit semantic integration	n/a:stateless render-only contract	n/a:stateless render-only contract
Wicked.Widgets.Button	false	true	src/widgets/input.jl	test/widget_contracts.jl:Immediate widget dimension contracts	test/widget_contracts.jl:Immediate widget dimension contracts	test/widget_contracts.jl:Immediate widget dimension contracts	test/widget_contracts.jl:Immediate widget dimension contracts	test/input_widgets.jl:button keyboard and mouse	test/widget_contracts.jl:Immediate widget dimension contracts	test/toolkit_semantics.jl:Toolkit accessibility semantics	test/toolkit_semantics.jl:Toolkit accessibility semantics	test/input_widgets.jl:button keyboard and mouse	test/input_widgets.jl:button keyboard and mouse
Wicked.Widgets.Calendar	true	false	src/widgets/visualization.jl	test/widget_contracts.jl:Immediate widget dimension contracts	test/widget_contracts.jl:Immediate widget dimension contracts	test/widget_contracts.jl:Immediate widget dimension contracts	test/widget_contracts.jl:Immediate widget dimension contracts	n/a:stateless render contract	test/widget_contracts.jl:Immediate widget dimension contracts	test/widget_interactions_extended.jl:Calendar toolkit semantic integration	test/widget_interactions_extended.jl:Calendar toolkit semantic integration	n/a:stateless render-only contract	n/a:stateless render-only contract
Wicked.Widgets.Canvas	true	false	src/widgets/visualization.jl	test/widget_contracts.jl:Immediate widget dimension contracts	test/widget_contracts.jl:Immediate widget dimension contracts	test/widget_contracts.jl:Immediate widget dimension contracts	test/widget_contracts.jl:Immediate widget dimension contracts	n/a:stateless render contract	test/widget_contracts.jl:Immediate widget dimension contracts	test/widget_interactions_extended.jl:Visualization toolkit semantic integration	test/widget_interactions_extended.jl:Visualization toolkit semantic integration	n/a:stateless render-only contract	n/a:stateless render-only contract
Wicked.Widgets.Center	true	false	src/widgets/containers.jl	test/widget_contracts.jl:Immediate widget dimension contracts	test/widget_contracts.jl:Immediate widget dimension contracts	test/widget_contracts.jl:Immediate widget dimension contracts	test/widget_contracts.jl:Immediate widget dimension contracts	n/a:stateless render contract	test/widget_contracts.jl:Immediate widget dimension contracts	test/widget_interactions_extended.jl:Structural widget toolkit semantic integration	test/widget_interactions_extended.jl:Structural widget toolkit semantic integration	n/a:stateless render-only contract	n/a:stateless render-only contract
Wicked.Widgets.Chart	true	false	src/widgets/visualization.jl	test/widget_contracts.jl:Immediate widget dimension contracts	test/widget_contracts.jl:Immediate widget dimension contracts	test/widget_contracts.jl:Immediate widget dimension contracts	test/widget_contracts.jl:Immediate widget dimension contracts	n/a:stateless render contract	test/widget_contracts.jl:Immediate widget dimension contracts	test/widget_interactions_extended.jl:Visualization toolkit semantic integration	test/widget_interactions_extended.jl:Visualization toolkit semantic integration	n/a:stateless render-only contract	n/a:stateless render-only contract
Wicked.Widgets.Checkbox	false	true	src/widgets/input.jl	test/widget_contracts.jl:Immediate widget dimension contracts	test/widget_contracts.jl:Immediate widget dimension contracts	test/widget_contracts.jl:Immediate widget dimension contracts	test/widget_contracts.jl:Immediate widget dimension contracts	test/input_widgets.jl:checkbox and toggle	test/widget_contracts.jl:Immediate widget dimension contracts	test/toolkit_semantics.jl:Toolkit accessibility semantics	test/toolkit_semantics.jl:Toolkit accessibility semantics	test/input_widgets.jl:checkbox and toggle	test/input_widgets.jl:checkbox and toggle
Wicked.Widgets.Clear	true	false	src/widgets/structure.jl	test/widget_contracts.jl:Immediate widget dimension contracts	test/widget_contracts.jl:Immediate widget dimension contracts	test/widget_contracts.jl:Immediate widget dimension contracts	test/widget_contracts.jl:Immediate widget dimension contracts	n/a:stateless render contract	test/widget_contracts.jl:Immediate widget dimension contracts	test/widget_interactions_extended.jl:Structural widget toolkit semantic integration	test/widget_interactions_extended.jl:Structural widget toolkit semantic integration	n/a:stateless render-only contract	n/a:stateless render-only contract
Wicked.Widgets.Column	true	false	src/widgets/containers.jl	test/widget_contracts.jl:Immediate widget dimension contracts	test/widget_contracts.jl:Immediate widget dimension contracts	test/widget_contracts.jl:Immediate widget dimension contracts	test/widget_contracts.jl:Immediate widget dimension contracts	n/a:stateless render contract	test/widget_contracts.jl:Immediate widget dimension contracts	test/widget_interactions_extended.jl:Structural widget toolkit semantic integration	test/widget_interactions_extended.jl:Structural widget toolkit semantic integration	n/a:stateless render-only contract	n/a:stateless render-only contract
Wicked.Widgets.CommandPalette	false	true	src/widgets/application.jl	test/widget_contracts.jl:Immediate widget dimension contracts	test/widget_contracts.jl:Immediate widget dimension contracts	test/widget_contracts.jl:Immediate widget dimension contracts	test/widget_contracts.jl:Immediate widget dimension contracts	test/widget_interactions_extended.jl:command palette filtering and activation	test/widget_contracts.jl:Immediate widget dimension contracts	test/widget_interactions_extended.jl:Command palette toolkit semantic integration	test/widget_interactions_extended.jl:command palette filtering and activation	test/widget_interactions_extended.jl:command palette filtering and activation	test/widget_interactions_extended.jl:palette and log pointer input
Wicked.Widgets.Footer	true	false	src/widgets/application.jl	test/widget_contracts.jl:Immediate widget dimension contracts	test/widget_contracts.jl:Immediate widget dimension contracts	test/widget_contracts.jl:Immediate widget dimension contracts	test/widget_contracts.jl:Immediate widget dimension contracts	n/a:stateless render contract	test/widget_contracts.jl:Immediate widget dimension contracts	test/acceptance_widgets.jl:application chrome toolkit semantics	test/acceptance_widgets.jl:application chrome toolkit semantics	n/a:stateless render-only contract	n/a:stateless render-only contract
Wicked.Widgets.Gauge	true	false	src/widgets/visualization.jl	test/widget_contracts.jl:Immediate widget dimension contracts	test/widget_contracts.jl:Immediate widget dimension contracts	test/widget_contracts.jl:Immediate widget dimension contracts	test/widget_contracts.jl:Immediate widget dimension contracts	n/a:stateless render contract	test/widget_contracts.jl:Immediate widget dimension contracts	test/widget_interactions_extended.jl:Gauge toolkit semantic integration	test/widget_interactions_extended.jl:Gauge toolkit semantic integration	n/a:stateless render-only contract	n/a:stateless render-only contract
Wicked.Widgets.Grid	true	false	src/widgets/containers.jl	test/widget_contracts.jl:Immediate widget dimension contracts	test/widget_contracts.jl:Immediate widget dimension contracts	test/widget_contracts.jl:Immediate widget dimension contracts	test/widget_contracts.jl:Immediate widget dimension contracts	n/a:stateless render contract	test/widget_contracts.jl:Immediate widget dimension contracts	test/widget_interactions_extended.jl:Structural widget toolkit semantic integration	test/widget_interactions_extended.jl:Structural widget toolkit semantic integration	n/a:stateless render-only contract	n/a:stateless render-only contract
Wicked.Widgets.Header	true	false	src/widgets/application.jl	test/widget_contracts.jl:Immediate widget dimension contracts	test/widget_contracts.jl:Immediate widget dimension contracts	test/widget_contracts.jl:Immediate widget dimension contracts	test/widget_contracts.jl:Immediate widget dimension contracts	n/a:stateless render contract	test/widget_contracts.jl:Immediate widget dimension contracts	test/acceptance_widgets.jl:application chrome toolkit semantics	test/acceptance_widgets.jl:application chrome toolkit semantics	n/a:stateless render-only contract	n/a:stateless render-only contract
Wicked.Widgets.Heatmap	true	false	src/widgets/visualization.jl	test/widget_contracts.jl:Immediate widget dimension contracts	test/widget_contracts.jl:Immediate widget dimension contracts	test/widget_contracts.jl:Immediate widget dimension contracts	test/widget_contracts.jl:Immediate widget dimension contracts	n/a:stateless render contract	test/widget_contracts.jl:Immediate widget dimension contracts	test/widget_interactions_extended.jl:Visualization toolkit semantic integration	test/widget_interactions_extended.jl:Visualization toolkit semantic integration	n/a:stateless render-only contract	n/a:stateless render-only contract
Wicked.Widgets.HelpView	true	false	src/widgets/application.jl	test/widget_contracts.jl:Immediate widget dimension contracts	test/widget_contracts.jl:Immediate widget dimension contracts	test/widget_contracts.jl:Immediate widget dimension contracts	test/widget_contracts.jl:Immediate widget dimension contracts	n/a:stateless render contract	test/widget_contracts.jl:Immediate widget dimension contracts	test/acceptance_widgets.jl:help view toolkit semantics	test/acceptance_widgets.jl:help view toolkit semantics	n/a:stateless render-only contract	n/a:stateless render-only contract
Wicked.Widgets.Histogram	true	false	src/widgets/visualization.jl	test/widget_contracts.jl:Immediate widget dimension contracts	test/widget_contracts.jl:Immediate widget dimension contracts	test/widget_contracts.jl:Immediate widget dimension contracts	test/widget_contracts.jl:Immediate widget dimension contracts	n/a:stateless render contract	test/widget_contracts.jl:Immediate widget dimension contracts	test/widget_interactions_extended.jl:Visualization toolkit semantic integration	test/widget_interactions_extended.jl:Visualization toolkit semantic integration	n/a:stateless render-only contract	n/a:stateless render-only contract
Wicked.Widgets.Label	true	false	src/widgets/text.jl	test/widget_contracts.jl:Immediate widget dimension contracts	test/widget_contracts.jl:Immediate widget dimension contracts	test/widget_contracts.jl:Immediate widget dimension contracts	test/widget_contracts.jl:Immediate widget dimension contracts	n/a:stateless render contract	test/widget_contracts.jl:Immediate widget dimension contracts	test/widget_interactions_extended.jl:Text widget toolkit semantic integration	test/widget_interactions_extended.jl:Text widget toolkit semantic integration	n/a:stateless render-only contract	n/a:stateless render-only contract
Wicked.Widgets.LineGauge	true	false	src/widgets/visualization.jl	test/widget_contracts.jl:Immediate widget dimension contracts	test/widget_contracts.jl:Immediate widget dimension contracts	test/widget_contracts.jl:Immediate widget dimension contracts	test/widget_contracts.jl:Immediate widget dimension contracts	n/a:stateless render contract	test/widget_contracts.jl:Immediate widget dimension contracts	test/widget_interactions_extended.jl:Gauge toolkit semantic integration	test/widget_interactions_extended.jl:Gauge toolkit semantic integration	n/a:stateless render-only contract	n/a:stateless render-only contract
Wicked.Widgets.List	false	true	src/widgets/selection.jl	test/widget_contracts.jl:Immediate widget dimension contracts	test/widget_contracts.jl:Immediate widget dimension contracts	test/widget_contracts.jl:Immediate widget dimension contracts	test/widget_contracts.jl:Immediate widget dimension contracts	test/selection_widgets.jl:list navigation and viewport	test/widget_contracts.jl:Immediate widget dimension contracts	test/widget_interactions_extended.jl:List toolkit semantic integration	test/widget_interactions_extended.jl:List toolkit semantic integration	test/selection_widgets.jl:list navigation and viewport	test/selection_widgets.jl:list navigation and viewport
Wicked.Widgets.LogView	false	true	src/widgets/application.jl	test/widget_contracts.jl:Immediate widget dimension contracts	test/widget_contracts.jl:Immediate widget dimension contracts	test/widget_contracts.jl:Immediate widget dimension contracts	test/widget_contracts.jl:Immediate widget dimension contracts	test/widget_interactions_extended.jl:log keyboard scrolling	test/widget_contracts.jl:Immediate widget dimension contracts	test/widget_interactions_extended.jl:log keyboard scrolling	test/widget_interactions_extended.jl:log keyboard scrolling	test/widget_interactions_extended.jl:log keyboard scrolling	test/widget_interactions_extended.jl:palette and log pointer input
Wicked.Widgets.Menu	false	true	src/widgets/selection.jl	test/widget_contracts.jl:Immediate widget dimension contracts	test/widget_contracts.jl:Immediate widget dimension contracts	test/widget_contracts.jl:Immediate widget dimension contracts	test/widget_contracts.jl:Immediate widget dimension contracts	test/selection_widgets.jl:menu disabled items and activation	test/widget_contracts.jl:Immediate widget dimension contracts	test/widget_interactions_extended.jl:Menu toolkit semantic integration	test/widget_interactions_extended.jl:Menu toolkit semantic integration	test/selection_widgets.jl:menu disabled items and activation	test/selection_widgets.jl:menu disabled items and activation
Wicked.Widgets.MultiSelect	false	true	src/widgets/input.jl	test/widget_contracts.jl:Immediate widget dimension contracts	test/widget_contracts.jl:Immediate widget dimension contracts	test/widget_contracts.jl:Immediate widget dimension contracts	test/widget_contracts.jl:Immediate widget dimension contracts	test/input_widgets.jl:multiselect interaction	test/widget_contracts.jl:Immediate widget dimension contracts	test/widget_interactions_extended.jl:Multi-select toolkit semantic integration	test/widget_interactions_extended.jl:Multi-select toolkit semantic integration	test/input_widgets.jl:multiselect interaction	test/input_widgets.jl:multiselect interaction
Wicked.Widgets.NotificationView	true	false	src/widgets/application.jl	test/widget_contracts.jl:Immediate widget dimension contracts	test/widget_contracts.jl:Immediate widget dimension contracts	test/widget_contracts.jl:Immediate widget dimension contracts	test/widget_contracts.jl:Immediate widget dimension contracts	n/a:stateless render contract	test/widget_contracts.jl:Immediate widget dimension contracts	test/acceptance_widgets.jl:immediate notification toolkit semantics	test/acceptance_widgets.jl:immediate notification toolkit semantics	n/a:stateless render-only contract	n/a:stateless render-only contract
Wicked.Widgets.NumberInput	false	true	src/widgets/input.jl	test/new_widget_families.jl:number input toolkit semantics	test/new_widget_families.jl:number input toolkit semantics	test/new_widget_families.jl:number input toolkit semantics	test/new_widget_families.jl:number input toolkit semantics	test/new_widget_families.jl:number input toolkit semantics	test/new_widget_families.jl:number input toolkit semantics	test/new_widget_families.jl:number input toolkit semantics	test/new_widget_families.jl:number input toolkit semantics	test/new_widget_families.jl:number input toolkit semantics	test/new_widget_families.jl:number input toolkit semantics
Wicked.Widgets.Padding	true	false	src/widgets/containers.jl	test/widget_contracts.jl:Immediate widget dimension contracts	test/widget_contracts.jl:Immediate widget dimension contracts	test/widget_contracts.jl:Immediate widget dimension contracts	test/widget_contracts.jl:Immediate widget dimension contracts	n/a:stateless render contract	test/widget_contracts.jl:Immediate widget dimension contracts	test/widget_interactions_extended.jl:Structural widget toolkit semantic integration	test/widget_interactions_extended.jl:Structural widget toolkit semantic integration	n/a:stateless render-only contract	n/a:stateless render-only contract
Wicked.Widgets.Paragraph	true	false	src/widgets/text.jl	test/widget_contracts.jl:Immediate widget dimension contracts	test/widget_contracts.jl:Immediate widget dimension contracts	test/widget_contracts.jl:Immediate widget dimension contracts	test/widget_contracts.jl:Immediate widget dimension contracts	n/a:stateless render contract	test/widget_contracts.jl:Immediate widget dimension contracts	test/widget_interactions_extended.jl:Text widget toolkit semantic integration	test/widget_interactions_extended.jl:Text widget toolkit semantic integration	n/a:stateless render-only contract	n/a:stateless render-only contract
Wicked.Widgets.RadioGroup	false	true	src/widgets/input.jl	test/widget_contracts.jl:Immediate widget dimension contracts	test/widget_contracts.jl:Immediate widget dimension contracts	test/widget_contracts.jl:Immediate widget dimension contracts	test/widget_contracts.jl:Immediate widget dimension contracts	test/input_widgets.jl:radio layout and disabled options	test/widget_contracts.jl:Immediate widget dimension contracts	test/widget_interactions_extended.jl:Radio group toolkit semantic integration	test/widget_interactions_extended.jl:Radio group toolkit semantic integration	test/input_widgets.jl:radio layout and disabled options	test/input_widgets.jl:radio layout and disabled options
Wicked.Widgets.Row	true	false	src/widgets/containers.jl	test/widget_contracts.jl:Immediate widget dimension contracts	test/widget_contracts.jl:Immediate widget dimension contracts	test/widget_contracts.jl:Immediate widget dimension contracts	test/widget_contracts.jl:Immediate widget dimension contracts	n/a:stateless render contract	test/widget_contracts.jl:Immediate widget dimension contracts	test/widget_interactions_extended.jl:Structural widget toolkit semantic integration	test/widget_interactions_extended.jl:Structural widget toolkit semantic integration	n/a:stateless render-only contract	n/a:stateless render-only contract
Wicked.Widgets.Rule	true	false	src/widgets/structure.jl	test/widget_contracts.jl:Immediate widget dimension contracts	test/widget_contracts.jl:Immediate widget dimension contracts	test/widget_contracts.jl:Immediate widget dimension contracts	test/widget_contracts.jl:Immediate widget dimension contracts	n/a:stateless render contract	test/widget_contracts.jl:Immediate widget dimension contracts	test/widget_interactions_extended.jl:Structural widget toolkit semantic integration	test/widget_interactions_extended.jl:Structural widget toolkit semantic integration	n/a:stateless render-only contract	n/a:stateless render-only contract
Wicked.Widgets.ScrollView	false	true	src/widgets/scrolling.jl	test/widget_contracts.jl:Immediate widget dimension contracts	test/widget_contracts.jl:Immediate widget dimension contracts	test/widget_contracts.jl:Immediate widget dimension contracts	test/widget_contracts.jl:Immediate widget dimension contracts	test/widget_interactions_extended.jl:scroll keyboard and pointer input	test/widget_contracts.jl:Immediate widget dimension contracts	test/widget_interactions_extended.jl:Scroll view toolkit semantic integration	test/widget_interactions_extended.jl:Scroll view toolkit semantic integration	test/widget_interactions_extended.jl:scroll keyboard and pointer input	test/widget_interactions_extended.jl:scroll keyboard and pointer input
Wicked.Widgets.Scrollbar	false	true	src/widgets/scrolling.jl	test/widget_contracts.jl:Immediate widget dimension contracts	test/widget_contracts.jl:Immediate widget dimension contracts	test/widget_contracts.jl:Immediate widget dimension contracts	test/widget_contracts.jl:Immediate widget dimension contracts	test/widget_interactions_extended.jl:scroll keyboard and pointer input	test/widget_contracts.jl:Immediate widget dimension contracts	test/widget_interactions_extended.jl:Scrollbar toolkit semantic integration	test/widget_interactions_extended.jl:Scrollbar toolkit semantic integration	test/widget_interactions_extended.jl:scroll keyboard and pointer input	test/widget_interactions_extended.jl:scroll keyboard and pointer input
Wicked.Widgets.Select	false	true	src/widgets/input.jl	test/widget_contracts.jl:Immediate widget dimension contracts	test/widget_contracts.jl:Immediate widget dimension contracts	test/widget_contracts.jl:Immediate widget dimension contracts	test/widget_contracts.jl:Immediate widget dimension contracts	test/input_widgets.jl:select interaction	test/widget_contracts.jl:Immediate widget dimension contracts	test/widget_interactions_extended.jl:Select toolkit semantic integration	test/widget_interactions_extended.jl:Select toolkit semantic integration	test/input_widgets.jl:select interaction	test/input_widgets.jl:select interaction
Wicked.Widgets.Spacer	true	false	src/widgets/structure.jl	test/widget_contracts.jl:Immediate widget dimension contracts	test/widget_contracts.jl:Immediate widget dimension contracts	test/widget_contracts.jl:Immediate widget dimension contracts	test/widget_contracts.jl:Immediate widget dimension contracts	n/a:stateless render contract	test/widget_contracts.jl:Immediate widget dimension contracts	test/widget_interactions_extended.jl:Structural widget toolkit semantic integration	test/widget_interactions_extended.jl:Structural widget toolkit semantic integration	n/a:stateless render-only contract	n/a:stateless render-only contract
Wicked.Widgets.Sparkline	true	false	src/widgets/visualization.jl	test/widget_contracts.jl:Immediate widget dimension contracts	test/widget_contracts.jl:Immediate widget dimension contracts	test/widget_contracts.jl:Immediate widget dimension contracts	test/widget_contracts.jl:Immediate widget dimension contracts	n/a:stateless render contract	test/widget_contracts.jl:Immediate widget dimension contracts	test/widget_interactions_extended.jl:Visualization toolkit semantic integration	test/widget_interactions_extended.jl:Visualization toolkit semantic integration	n/a:stateless render-only contract	n/a:stateless render-only contract
Wicked.Widgets.Spinner	false	true	src/widgets/visualization.jl	test/widget_contracts.jl:Immediate widget dimension contracts	test/widget_contracts.jl:Immediate widget dimension contracts	test/widget_contracts.jl:Immediate widget dimension contracts	test/widget_contracts.jl:Immediate widget dimension contracts	test/widget_interactions_extended.jl:progress and spinner ticks	test/widget_contracts.jl:Immediate widget dimension contracts	test/widget_interactions_extended.jl:Spinner toolkit semantic integration	test/widget_interactions_extended.jl:Spinner toolkit semantic integration	test/widget_interactions_extended.jl:progress and spinner ticks	n/a:no pointer handler
Wicked.Widgets.Stack	true	false	src/widgets/containers.jl	test/widget_contracts.jl:Immediate widget dimension contracts	test/widget_contracts.jl:Immediate widget dimension contracts	test/widget_contracts.jl:Immediate widget dimension contracts	test/widget_contracts.jl:Immediate widget dimension contracts	n/a:stateless render contract	test/widget_contracts.jl:Immediate widget dimension contracts	test/widget_interactions_extended.jl:Structural widget toolkit semantic integration	test/widget_interactions_extended.jl:Structural widget toolkit semantic integration	n/a:stateless render-only contract	n/a:stateless render-only contract
Wicked.Widgets.Table	false	true	src/widgets/selection.jl	test/widget_contracts.jl:Immediate widget dimension contracts	test/widget_contracts.jl:Immediate widget dimension contracts	test/widget_contracts.jl:Immediate widget dimension contracts	test/widget_contracts.jl:Immediate widget dimension contracts	test/selection_widgets.jl:table row and column selection	test/widget_contracts.jl:Immediate widget dimension contracts	test/widget_interactions_extended.jl:Table toolkit semantic integration	test/widget_interactions_extended.jl:Table toolkit semantic integration	test/selection_widgets.jl:table row and column selection	test/selection_widgets.jl:table row and column selection
Wicked.Widgets.Tabs	false	true	src/widgets/selection.jl	test/widget_contracts.jl:Immediate widget dimension contracts	test/widget_contracts.jl:Immediate widget dimension contracts	test/widget_contracts.jl:Immediate widget dimension contracts	test/widget_contracts.jl:Immediate widget dimension contracts	test/selection_widgets.jl:tabs keyboard and mouse	test/widget_contracts.jl:Immediate widget dimension contracts	test/widget_interactions_extended.jl:Tabs toolkit semantic integration	test/widget_interactions_extended.jl:Tabs toolkit semantic integration	test/selection_widgets.jl:tabs keyboard and mouse	test/selection_widgets.jl:tabs keyboard and mouse
Wicked.Widgets.TextArea	false	true	src/widgets/input.jl	test/widget_contracts.jl:Immediate widget dimension contracts	test/widget_contracts.jl:Immediate widget dimension contracts	test/widget_contracts.jl:Immediate widget dimension contracts	test/widget_contracts.jl:Immediate widget dimension contracts	test/editing.jl:grapheme editing and history	test/widget_contracts.jl:Immediate widget dimension contracts	test/widget_interactions_extended.jl:Text area toolkit semantic integration	test/widget_interactions_extended.jl:Text area toolkit semantic integration	test/editing.jl:grapheme editing and history	test/widget_interactions_extended.jl:Text area toolkit semantic integration
Wicked.Widgets.TextInput	false	true	src/widgets/input.jl	test/widget_contracts.jl:Immediate widget dimension contracts	test/widget_contracts.jl:Immediate widget dimension contracts	test/widget_contracts.jl:Immediate widget dimension contracts	test/widget_contracts.jl:Immediate widget dimension contracts	test/editing.jl:key kinds and single-line normalization	test/widget_contracts.jl:Immediate widget dimension contracts	test/widget_interactions_extended.jl:Text input toolkit semantic integration	test/widget_interactions_extended.jl:Text input toolkit semantic integration	test/editing.jl:key kinds and single-line normalization	test/editing.jl:pointer cursor placement
Wicked.Widgets.Toggle	false	true	src/widgets/input.jl	test/widget_contracts.jl:Immediate widget dimension contracts	test/widget_contracts.jl:Immediate widget dimension contracts	test/widget_contracts.jl:Immediate widget dimension contracts	test/widget_contracts.jl:Immediate widget dimension contracts	test/input_widgets.jl:checkbox and toggle	test/widget_contracts.jl:Immediate widget dimension contracts	test/widget_interactions_extended.jl:Toggle toolkit semantic integration	test/widget_interactions_extended.jl:Toggle toolkit semantic integration	test/input_widgets.jl:checkbox and toggle	test/input_widgets.jl:checkbox and toggle
Wicked.Widgets.Tree	false	true	src/widgets/selection.jl	test/widget_contracts.jl:Immediate widget dimension contracts	test/widget_contracts.jl:Immediate widget dimension contracts	test/widget_contracts.jl:Immediate widget dimension contracts	test/widget_contracts.jl:Immediate widget dimension contracts	test/selection_widgets.jl:tree expansion and mouse	test/widget_contracts.jl:Immediate widget dimension contracts	test/widget_interactions_extended.jl:Tree toolkit semantic integration	test/widget_interactions_extended.jl:Tree toolkit semantic integration	test/selection_widgets.jl:tree expansion and mouse	test/selection_widgets.jl:tree expansion and mouse
